,customer_id,Result,prediction
0,C71673,0.0,More than 50 days
1,C69553,0.0,More than 50 days
2,C78417,1.0,21 to 49 days
3,C08826,1.0,21 to 49 days
4,C78453,1.0,21 to 49 days
5,C66271,1.0,21 to 49 days
6,C96344,2.0, 0 to 20 days
7,C41610,1.0,21 to 49 days
8,C27213,2.0, 0 to 20 days
9,C27317,1.0,21 to 49 days
10,C11271,1.0,21 to 49 days
11,C74887,0.0,More than 50 days
12,C24356,2.0, 0 to 20 days
13,C31857,1.0,21 to 49 days
14,C28891,0.0,More than 50 days
15,C49563,0.0,More than 50 days
16,C34960,1.0,21 to 49 days
17,C89256,1.0,21 to 49 days
18,C36031,1.0,21 to 49 days
19,C71442,0.0,More than 50 days
20,C19061,1.0,21 to 49 days
21,C61662,2.0, 0 to 20 days
22,C55872,0.0,More than 50 days
23,C07398,1.0,21 to 49 days
24,C63179,2.0, 0 to 20 days
25,C06584,1.0,21 to 49 days
26,C91806,0.0,More than 50 days
27,C73862,1.0,21 to 49 days
28,C47683,1.0,21 to 49 days
29,C31729,0.0,More than 50 days
30,C96436,1.0,21 to 49 days
31,C96387,1.0,21 to 49 days
32,C03037,1.0,21 to 49 days
33,C39450,0.0,More than 50 days
34,C04946,0.0,More than 50 days
35,C81305,1.0,21 to 49 days
36,C12438,1.0,21 to 49 days
37,C47391,0.0,More than 50 days
38,C40803,0.0,More than 50 days
39,C71746,0.0,More than 50 days
40,C66388,0.0,More than 50 days
41,C52132,0.0,More than 50 days
42,C85512,0.0,More than 50 days
43,C94943,2.0, 0 to 20 days
44,C40662,2.0, 0 to 20 days
45,C69339,0.0,More than 50 days
46,C17839,0.0,More than 50 days
47,C45347,1.0,21 to 49 days
48,C95534,0.0,More than 50 days
49,C24760,1.0,21 to 49 days
50,C81464,1.0,21 to 49 days
51,C68694,1.0,21 to 49 days
52,C18267,0.0,More than 50 days
53,C73289,0.0,More than 50 days
54,C11125,1.0,21 to 49 days
55,C42112,1.0,21 to 49 days
56,C41502,0.0,More than 50 days
57,C83418,2.0, 0 to 20 days
58,C82631,2.0, 0 to 20 days
59,C84100,0.0,More than 50 days
60,C89677,0.0,More than 50 days
61,C32004,0.0,More than 50 days
62,C54653,2.0, 0 to 20 days
63,C52522,0.0,More than 50 days
64,C11974,0.0,More than 50 days
65,C41199,2.0, 0 to 20 days
66,C30119,2.0, 0 to 20 days
67,C78319,1.0,21 to 49 days
68,C27140,0.0,More than 50 days
69,C35905,0.0,More than 50 days
70,C87670,1.0,21 to 49 days
71,C58947,0.0,More than 50 days
72,C18072,1.0,21 to 49 days
73,C67480,0.0,More than 50 days
74,C58907,0.0,More than 50 days
75,C16120,0.0,More than 50 days
76,C87136,0.0,More than 50 days
77,C74568,0.0,More than 50 days
78,C35055,0.0,More than 50 days
79,C03284,2.0, 0 to 20 days
80,C01471,2.0, 0 to 20 days
81,C26780,0.0,More than 50 days
82,C65070,0.0,More than 50 days
83,C08801,0.0,More than 50 days
84,C86107,2.0, 0 to 20 days
85,C71549,0.0,More than 50 days
86,C95282,0.0,More than 50 days
87,C85095,0.0,More than 50 days
88,C06061,1.0,21 to 49 days
89,C28055,1.0,21 to 49 days
90,C19169,2.0, 0 to 20 days
91,C67697,0.0,More than 50 days
92,C67294,0.0,More than 50 days
93,C88242,1.0,21 to 49 days
94,C73385,1.0,21 to 49 days
95,C08222,0.0,More than 50 days
96,C30426,2.0, 0 to 20 days
97,C82629,2.0, 0 to 20 days
98,C41034,2.0, 0 to 20 days
99,C23142,0.0,More than 50 days
100,C55960,0.0,More than 50 days
101,C48708,0.0,More than 50 days
102,C27850,1.0,21 to 49 days
103,C94762,2.0, 0 to 20 days
104,C87693,1.0,21 to 49 days
105,C06594,2.0, 0 to 20 days
106,C49265,1.0,21 to 49 days
107,C65001,1.0,21 to 49 days
108,C76501,1.0,21 to 49 days
109,C50169,0.0,More than 50 days
110,C44065,2.0, 0 to 20 days
111,C18710,1.0,21 to 49 days
112,C02234,0.0,More than 50 days
113,C30377,2.0, 0 to 20 days
114,C27226,2.0, 0 to 20 days
115,C19596,0.0,More than 50 days
116,C82574,1.0,21 to 49 days
117,C52490,2.0, 0 to 20 days
118,C65728,0.0,More than 50 days
119,C22279,0.0,More than 50 days
120,C41457,2.0, 0 to 20 days
121,C14015,0.0,More than 50 days
122,C52799,2.0, 0 to 20 days
123,C41232,0.0,More than 50 days
124,C24884,0.0,More than 50 days
125,C83746,,random days
126,C00597,,random days
127,C79315,,random days
128,C52863,,random days
129,C03414,,random days
130,C11707,,random days
131,C14238,,random days
132,,,random days
133,C93657,,random days
134,C67105,,random days
135,C22650,,random days
136,C42495,,random days
137,C24980,,random days
138,C96305,,random days
139,C67142,,random days
140,C77067,,random days
141,C87381,,random days
142,C57768,,random days
143,C44878,,random days
144,C55222,,random days
145,C12435,,random days
146,C58704,,random days
147,C94409,,random days
148,C24215,,random days
149,C40892,,random days
150,C72731,,random days
151,C51234,,random days
152,C91622,,random days
153,C14554,,random days
154,C84009,,random days
155,C32737,,random days
156,C26965,,random days
157,C86503,,random days
158,C70770,,random days
159,C27027,,random days
160,C64464,,random days
161,C55730,,random days
162,C20741,,random days
163,C65965,,random days
164,C54056,,random days
165,C91358,,random days
166,C92922,,random days
167,C96199,,random days
168,C93374,,random days
169,C56258,,random days
170,C11879,,random days
171,C90976,,random days
172,C86257,,random days
173,C67652,,random days
174,C23393,,random days
175,C76210,,random days
176,C04363,,random days
177,C80505,,random days
178,C30520,,random days
179,C61359,,random days
180,C18947,,random days
181,C60430,,random days
182,C10072,,random days
183,C33982,,random days
184,C58964,,random days
185,C18474,,random days
186,C09209,,random days
187,C37546,,random days
188,C10167,,random days
189,C45592,,random days
190,C70815,,random days
191,C54994,,random days
192,C63672,,random days
193,C47946,,random days
194,C38385,,random days
195,C93522,,random days
196,C48556,,random days
197,C68632,,random days
198,C38190,,random days
199,C38597,,random days
200,C86367,,random days
201,C52028,,random days
202,C77861,,random days
203,C79735,,random days
204,C38969,,random days
205,C14336,,random days
206,C59876,,random days
207,C42740,,random days
208,C54193,,random days
209,C46549,,random days
210,C27933,,random days
211,C73067,,random days
212,C83750,,random days
213,C55789,,random days
214,C30335,,random days
215,C62178,,random days
216,C11553,,random days
217,C90172,,random days
218,C77549,,random days
219,C64051,,random days
220,C46441,,random days
221,C62311,,random days
222,C21568,,random days
223,C60131,,random days
224,C29518,,random days
225,C67855,,random days
226,C19614,,random days
227,C26721,,random days
228,C92852,,random days
229,C21289,,random days
230,C31350,,random days
231,C38558,,random days
232,C68947,,random days
233,C76272,,random days
234,C71931,,random days
235,C79221,,random days
236,C29864,,random days
237,C33538,,random days
238,C43556,,random days
239,C19880,,random days
240,C05646,,random days
241,C53656,,random days
242,C35211,,random days
243,C92988,,random days
244,C12368,,random days
245,C48611,,random days
246,C26590,,random days
247,C94507,,random days
248,C04338,,random days
249,C82808,,random days
250,C23947,,random days
251,C21953,,random days
252,C74962,,random days
253,C26872,,random days
254,C96574,,random days
255,C89902,,random days
256,C63343,,random days
257,C23867,,random days
258,C77635,,random days
259,C44385,,random days
260,C58249,,random days
261,C65597,,random days
262,C93516,,random days
263,C34693,,random days
264,C78124,,random days
265,C35509,,random days
266,C28384,,random days
267,C16042,,random days
268,C81857,,random days
269,C69326,,random days
270,C15709,,random days
271,C44229,,random days
272,C63517,,random days
273,C48227,,random days
274,C11965,,random days
275,C53902,,random days
276,C59110,,random days
277,C77248,,random days
278,C18189,,random days
279,C21650,,random days
280,C91331,,random days
281,C55422,,random days
282,C71862,,random days
283,C52269,,random days
284,C77534,,random days
285,C41626,,random days
286,C11158,,random days
287,C06049,,random days
288,C91156,,random days
289,C73372,,random days
290,C95748,,random days
291,C27279,,random days
292,C56741,,random days
293,C01934,,random days
294,C52279,,random days
295,C51714,,random days
296,C18090,,random days
297,C70408,,random days
298,C35359,,random days
299,C82366,,random days
300,C59315,,random days
301,C29754,,random days
302,C32644,,random days
303,C69582,,random days
304,C20289,,random days
305,C56172,,random days
306,C23003,,random days
307,C13090,,random days
308,C80784,,random days
309,C75477,,random days
310,C07522,,random days
311,C59619,,random days
312,C25187,,random days
313,C68208,,random days
314,C79994,,random days
315,C25994,,random days
316,C01990,,random days
317,C95586,,random days
318,C14041,,random days
319,C38713,,random days
320,C20612,,random days
321,C12635,,random days
322,C09619,,random days
323,C23224,,random days
324,C19178,,random days
325,C31213,,random days
326,C80303,,random days
327,C79992,,random days
328,C13636,,random days
329,C51439,,random days
330,C06517,,random days
331,C22335,,random days
332,C00447,,random days
333,C57014,,random days
334,C96525,,random days
335,C54226,,random days
336,C67686,,random days
337,C75751,,random days
338,C66456,,random days
339,C51779,,random days
340,C51585,,random days
341,C10913,,random days
342,C94562,,random days
343,C09267,,random days
344,C02906,,random days
345,C11245,,random days
346,C64342,,random days
347,C79292,,random days
348,C34978,,random days
349,C63006,,random days
350,C57854,,random days
351,C80689,,random days
352,C83263,,random days
353,C91289,,random days
354,C32079,,random days
355,C38457,,random days
356,C07063,,random days
357,C12212,,random days
358,C17950,,random days
359,C05581,,random days
360,C31682,,random days
361,C57970,,random days
362,C89017,,random days
363,C55623,,random days
364,C05901,,random days
365,C88286,,random days
366,C02257,,random days
367,C16478,,random days
368,C00891,,random days
369,C67464,,random days
370,C24956,,random days
371,C10900,,random days
372,C28619,,random days
373,C62585,,random days
374,C62044,,random days
375,C94636,,random days
376,C18169,,random days
377,C18252,,random days
378,C34334,,random days
379,C73426,,random days
380,C03321,,random days
381,C00572,,random days
382,C69782,,random days
383,C64938,,random days
384,C92191,,random days
385,C10319,,random days
386,C79038,,random days
387,C09329,,random days
388,C41737,,random days
389,C31227,,random days
390,C23926,,random days
391,C42497,,random days
392,C88069,,random days
393,C10663,,random days
394,C13536,,random days
395,C49962,,random days
396,C73512,,random days
397,C69728,,random days
398,C18921,,random days
399,C38591,,random days
400,C51540,,random days
401,C02067,,random days
402,C05072,,random days
403,C63013,,random days
404,C72568,,random days
405,C21717,,random days
406,C10358,,random days
407,C15534,,random days
408,C40145,,random days
409,C34442,,random days
410,C26499,,random days
411,C86346,,random days
412,C89342,,random days
413,C53089,,random days
414,C07553,,random days
415,C95324,,random days
416,C67201,,random days
417,C48832,,random days
418,C15087,,random days
419,C67255,,random days
420,C70440,,random days
421,C52401,,random days
422,C52649,,random days
423,C84954,,random days
424,C40645,,random days
425,C24652,,random days
426,C55614,,random days
427,C48655,,random days
428,C24523,,random days
429,C24704,,random days
430,C13059,,random days
431,C59547,,random days
432,C49625,,random days
433,C85794,,random days
434,C88266,,random days
435,C00953,,random days
436,C85882,,random days
437,C42527,,random days
438,C83860,,random days
439,C60113,,random days
440,C85666,,random days
441,C76923,,random days
442,C41385,,random days
443,C18185,,random days
444,C88889,,random days
445,C62796,,random days
446,C12164,,random days
447,C91037,,random days
448,C28278,,random days
449,C65822,,random days
450,C42622,,random days
451,C58289,,random days
452,C25683,,random days
453,C59023,,random days
454,C72857,,random days
455,C79557,,random days
456,C87386,,random days
457,C53316,,random days
458,C35445,,random days
459,C56191,,random days
460,C27881,,random days
461,C25387,,random days
462,C31241,,random days
463,C63445,,random days
464,C89823,,random days
465,C65186,,random days
466,C06144,,random days
467,C55586,,random days
468,C91635,,random days
469,C86429,,random days
470,C54283,,random days
471,C66282,,random days
472,C13317,,random days
473,C22274,,random days
474,C04632,,random days
475,C22642,,random days
476,C12958,,random days
477,C94486,,random days
478,C72183,,random days
479,C52045,,random days
480,C11384,,random days
481,C76683,,random days
482,C00288,,random days
483,C88153,,random days
484,C29459,,random days
485,C39214,,random days
486,C40041,,random days
487,C87706,,random days
488,C35107,,random days
489,C92851,,random days
490,C39581,,random days
491,C09508,,random days
492,C82335,,random days
493,C23424,,random days
494,C28622,,random days
495,C56852,,random days
496,C01434,,random days
497,C63095,,random days
498,C30586,,random days
499,C18378,,random days
500,C94773,,random days
501,C76669,,random days
502,C55856,,random days
503,C55202,,random days
504,C29694,,random days
505,C76162,,random days
506,C16078,,random days
507,C88089,,random days
508,C18253,,random days
509,C81356,,random days
510,C48788,,random days
511,C95387,,random days
512,C24031,,random days
513,C46124,,random days
514,C65010,,random days
515,C01365,,random days
516,C83850,,random days
517,C49930,,random days
518,C62248,,random days
519,C23835,,random days
520,C31507,,random days
521,C60383,,random days
522,C89356,,random days
523,C16000,,random days
524,C30560,,random days
525,C38361,,random days
526,C07056,,random days
527,C08622,,random days
528,C19341,,random days
529,C21112,,random days
530,C56729,,random days
531,C24477,,random days
532,C43183,,random days
533,C28264,,random days
534,C02111,,random days
535,C32129,,random days
536,C17206,,random days
537,C64501,,random days
538,C66931,,random days
539,C50343,,random days
540,C40324,,random days
541,C74800,,random days
542,C19574,,random days
543,C58938,,random days
544,C38608,,random days
545,C54218,,random days
546,C28925,,random days
547,C89439,,random days
548,C78658,,random days
549,C36864,,random days
550,C84309,,random days
551,C25872,,random days
552,C18433,,random days
553,C23694,,random days
554,C01212,,random days
555,C30162,,random days
556,C53846,,random days
557,C69551,,random days
558,C81901,,random days
559,C63089,,random days
560,C12072,,random days
561,C71606,,random days
562,C62375,,random days
563,C48292,,random days
564,C22842,,random days
565,C76780,,random days
566,C78313,,random days
567,C39265,,random days
568,C14488,,random days
569,C96487,,random days
570,C05912,,random days
571,C45083,,random days
572,C77934,,random days
573,C24350,,random days
574,C04645,,random days
575,C21883,,random days
576,C52998,,random days
577,C67702,,random days
578,C30309,,random days
579,C85577,,random days
580,C55252,,random days
581,C85228,,random days
582,C30444,,random days
583,C95589,,random days
584,C96552,,random days
585,C69335,,random days
586,C09227,,random days
587,C10625,,random days
588,C54500,,random days
589,C07141,,random days
590,C25915,,random days
591,C52637,,random days
592,C80722,,random days
593,C87794,,random days
594,C95392,,random days
595,C74946,,random days
596,C93195,,random days
597,C36642,,random days
598,C46599,,random days
599,C31771,,random days
600,C62626,,random days
601,C37980,,random days
602,C21457,,random days
603,C32710,,random days
604,C26478,,random days
605,C19842,,random days
606,C52002,,random days
607,C33267,,random days
608,C62957,,random days
609,C80787,,random days
610,C87296,,random days
611,C11401,,random days
612,C93277,,random days
613,C07870,,random days
614,C88008,,random days
615,C80861,,random days
616,C63581,,random days
617,C41209,,random days
618,C30353,,random days
619,C72011,,random days
620,C39862,,random days
621,C16307,,random days
622,C64366,,random days
623,C17431,,random days
624,C46187,,random days
625,C24260,,random days
626,C64030,,random days
627,C88415,,random days
628,C44776,,random days
629,C57022,,random days
630,C12800,,random days
631,C32208,,random days
632,C25611,,random days
633,C91759,,random days
634,C90333,,random days
635,C52971,,random days
636,C68562,,random days
637,C54612,,random days
638,C62023,,random days
639,C70121,,random days
640,C91483,,random days
641,C11011,,random days
642,C06778,,random days
643,C01375,,random days
644,C45351,,random days
645,C18535,,random days
646,C41934,,random days
647,C49726,,random days
648,C86094,,random days
649,C13098,,random days
650,C44069,,random days
651,C54978,,random days
652,C07543,,random days
653,C81069,,random days
654,C85835,,random days
655,C18979,,random days
656,C47944,,random days
657,C85107,,random days
658,C45004,,random days
659,C37509,,random days
660,C40564,,random days
661,C25725,,random days
662,C57636,,random days
663,C37362,,random days
664,C87702,,random days
665,C25886,,random days
666,C74423,,random days
667,C04676,,random days
668,C70064,,random days
669,C09021,,random days
670,C85338,,random days
671,C62282,,random days
672,C81681,,random days
673,C88450,,random days
674,C11020,,random days
675,C03530,,random days
676,C35637,,random days
677,C33873,,random days
678,C41980,,random days
679,C64588,,random days
680,C45349,,random days
681,C88369,,random days
682,C67648,,random days
683,C50799,,random days
684,C72819,,random days
685,C07860,,random days
686,C04813,,random days
687,C75346,,random days
688,C55601,,random days
689,C07348,,random days
690,C64505,,random days
691,C31275,,random days
692,C35710,,random days
693,C56366,,random days
694,C03293,,random days
695,C88277,,random days
696,C24562,,random days
697,C21584,,random days
698,C46291,,random days
699,C62724,,random days
700,C38429,,random days
701,C90713,,random days
702,C94163,,random days
703,C56686,,random days
704,C64321,,random days
705,C28335,,random days
706,C53023,,random days
707,C93412,,random days
708,C13692,,random days
709,C76907,,random days
710,C75731,,random days
711,C17439,,random days
712,C61782,,random days
713,C78517,,random days
714,C91774,,random days
715,C40059,,random days
716,C67582,,random days
717,C03971,,random days
718,C48763,,random days
719,C66887,,random days
720,C88768,,random days
721,C57451,,random days
722,C54306,,random days
723,C75081,,random days
724,C31850,,random days
725,C23904,,random days
726,C79376,,random days
727,C60240,,random days
728,C70014,,random days
729,C45120,,random days
730,C28143,,random days
731,C69995,,random days
732,C83445,,random days
733,C43412,,random days
734,C53779,,random days
735,C58739,,random days
736,C60091,,random days
737,C91566,,random days
738,C87854,,random days
739,C04424,,random days
740,C91352,,random days
741,C49938,,random days
742,C79725,,random days
743,C33487,,random days
744,C90236,,random days
745,C26932,,random days
746,C34471,,random days
747,C83541,,random days
748,C12165,,random days
749,C16667,,random days
750,C85646,,random days
751,C48046,,random days
752,C30052,,random days
753,C75940,,random days
754,C64107,,random days
755,C08912,,random days
756,C15797,,random days
757,C25869,,random days
758,C60528,,random days
759,C16644,,random days
760,C44417,,random days
761,C61011,,random days
762,C30565,,random days
763,C23734,,random days
764,C78903,,random days
765,C33249,,random days
766,C07890,,random days
767,C94443,,random days
768,C54964,,random days
769,C46899,,random days
770,C80619,,random days
771,C35530,,random days
772,C88853,,random days
773,C17999,,random days
774,C30276,,random days
775,C77613,,random days
776,C20885,,random days
777,C11127,,random days
778,C32157,,random days
779,C05175,,random days
780,C11104,,random days
781,C33311,,random days
782,C63099,,random days
783,C91339,,random days
784,C30418,,random days
785,C29858,,random days
786,C46155,,random days
787,C17831,,random days
788,C68105,,random days
789,C43658,,random days
790,C49505,,random days
791,C36394,,random days
792,C93801,,random days
793,C18828,,random days
794,C64696,,random days
795,C10504,,random days
796,C44670,,random days
797,C42131,,random days
798,C55022,,random days
799,C00374,,random days
800,C81701,,random days
801,C41484,,random days
802,C16946,,random days
803,C01828,,random days
804,C21663,,random days
805,C06944,,random days
806,C91425,,random days
807,C72096,,random days
808,C63246,,random days
809,C57090,,random days
810,C48848,,random days
811,C15598,,random days
812,C83426,,random days
813,C55182,,random days
814,C10013,,random days
815,C92539,,random days
816,C44783,,random days
817,C43516,,random days
818,C14150,,random days
819,C33541,,random days
820,C24818,,random days
821,C69392,,random days
822,C43852,,random days
823,C65819,,random days
824,C30871,,random days
825,C86003,,random days
826,C06034,,random days
827,C25728,,random days
828,C63299,,random days
829,C02759,,random days
830,C53568,,random days
831,C76717,,random days
832,C22172,,random days
833,C75425,,random days
834,C44270,,random days
835,C50384,,random days
836,C16862,,random days
837,C54818,,random days
838,C68607,,random days
839,C55478,,random days
840,C00505,,random days
841,C90719,,random days
842,C34538,,random days
843,C21972,,random days
844,C59660,,random days
845,C81771,,random days
846,C62542,,random days
847,C04027,,random days
848,C54723,,random days
849,C82938,,random days
850,C34490,,random days
851,C92269,,random days
852,C14924,,random days
853,C13582,,random days
854,C32013,,random days
855,C82610,,random days
856,C61089,,random days
857,C96244,,random days
858,C79823,,random days
859,C66575,,random days
860,C60964,,random days
861,C87803,,random days
862,C21858,,random days
863,C36388,,random days
864,C75650,,random days
865,C79403,,random days
866,C94314,,random days
867,C80837,,random days
868,C37957,,random days
869,C80840,,random days
870,C02212,,random days
871,C59642,,random days
872,C83572,,random days
873,C07689,,random days
874,C33555,,random days
875,C91131,,random days
876,C82515,,random days
877,C38363,,random days
878,C79676,,random days
879,C21401,,random days
880,C80327,,random days
881,C37968,,random days
882,C46511,,random days
883,C69933,,random days
884,C38758,,random days
885,C88623,,random days
886,C55031,,random days
887,C95804,,random days
888,C18720,,random days
889,C56270,,random days
890,C65739,,random days
891,C07401,,random days
892,C38819,,random days
893,C19622,,random days
894,C86182,,random days
895,C31634,,random days
896,C46688,,random days
897,C65737,,random days
898,C72310,,random days
899,C22548,,random days
900,C88121,,random days
901,C30292,,random days
902,C89893,,random days
903,C11272,,random days
904,C33100,,random days
905,C86483,,random days
906,C87939,,random days
907,C18659,,random days
908,C61063,,random days
909,C45747,,random days
910,C93784,,random days
911,C96716,,random days
912,C57225,,random days
913,C45956,,random days
914,C65122,,random days
915,C07280,,random days
916,C21681,,random days
917,C29806,,random days
918,C47726,,random days
919,C13605,,random days
920,C61901,,random days
921,C48168,,random days
922,C07982,,random days
923,C19598,,random days
924,C93989,,random days
925,C03005,,random days
926,C71915,,random days
927,C65866,,random days
928,C12103,,random days
929,C47401,,random days
930,C32354,,random days
931,C57097,,random days
932,C13651,,random days
933,C55455,,random days
934,C58932,,random days
935,C89333,,random days
936,C16413,,random days
937,C07650,,random days
938,C12276,,random days
939,C63402,,random days
940,C95134,,random days
941,C72627,,random days
942,C05677,,random days
943,C39633,,random days
944,C28281,,random days
945,C54385,,random days
946,C51232,,random days
947,C17208,,random days
948,C41464,,random days
949,C33162,,random days
950,C90215,,random days
951,C18246,,random days
952,C62336,,random days
953,C76000,,random days
954,C69065,,random days
955,C86128,,random days
956,C89149,,random days
957,C77669,,random days
958,C39499,,random days
959,C65972,,random days
960,C85802,,random days
961,C02642,,random days
962,C68583,,random days
963,C31369,,random days
964,C96186,,random days
965,C75232,,random days
966,C69164,,random days
967,C09586,,random days
968,C71923,,random days
969,C22009,,random days
970,C15538,,random days
971,C91407,,random days
972,C85070,,random days
973,C35573,,random days
974,C02136,,random days
975,C57646,,random days
976,C12026,,random days
977,C28780,,random days
978,C30018,,random days
979,C31028,,random days
980,C85424,,random days
981,C60569,,random days
982,C13904,,random days
983,C76081,,random days
984,C52027,,random days
985,C59817,,random days
986,C14171,,random days
987,C87428,,random days
988,C20476,,random days
989,C68231,,random days
990,C64715,,random days
991,C00469,,random days
992,C65461,,random days
993,C27030,,random days
994,C73635,,random days
995,C86204,,random days
996,C91734,,random days
997,C71563,,random days
998,C68658,,random days
999,C30411,,random days
1000,C29788,,random days
1001,C80984,,random days
1002,C53504,,random days
1003,C94374,,random days
1004,C84855,,random days
1005,C48980,,random days
1006,C92559,,random days
1007,C65673,,random days
1008,C51380,,random days
1009,C43585,,random days
1010,C52266,,random days
1011,C60817,,random days
1012,C85298,,random days
1013,C04493,,random days
1014,C85188,,random days
1015,C40101,,random days
1016,C51128,,random days
1017,C08123,,random days
1018,C83289,,random days
1019,C79682,,random days
1020,C86384,,random days
1021,C21287,,random days
1022,C58253,,random days
1023,C36838,,random days
1024,C12039,,random days
1025,C57674,,random days
1026,C46023,,random days
1027,C40138,,random days
1028,C78267,,random days
1029,C09633,,random days
1030,C63428,,random days
1031,C47240,,random days
1032,C49438,,random days
1033,C96111,,random days
1034,C94964,,random days
1035,C50172,,random days
1036,C09135,,random days
1037,C10938,,random days
1038,C00083,,random days
1039,C40775,,random days
1040,C66518,,random days
1041,C54388,,random days
1042,C78859,,random days
1043,C28246,,random days
1044,C30458,,random days
1045,C28747,,random days
1046,C14192,,random days
1047,C02945,,random days
1048,C83425,,random days
1049,C42434,,random days
1050,C27951,,random days
1051,C85605,,random days
1052,C74799,,random days
1053,C44253,,random days
1054,C46845,,random days
1055,C06838,,random days
1056,C16206,,random days
1057,C35607,,random days
1058,C53982,,random days
1059,C38756,,random days
1060,C79197,,random days
1061,C59823,,random days
1062,C14410,,random days
1063,C54718,,random days
1064,C04508,,random days
1065,C94867,,random days
1066,C17297,,random days
1067,C13885,,random days
1068,C51014,,random days
1069,C92367,,random days
1070,C20621,,random days
1071,C29985,,random days
1072,C41070,,random days
1073,C18408,,random days
1074,C15066,,random days
1075,C33248,,random days
1076,C86650,,random days
1077,C49060,,random days
1078,C63743,,random days
1079,C68876,,random days
1080,C93405,,random days
1081,C55939,,random days
1082,C76363,,random days
1083,C72736,,random days
1084,C19493,,random days
1085,C47918,,random days
1086,C33034,,random days
1087,C42378,,random days
1088,C64817,,random days
1089,C62151,,random days
1090,C21616,,random days
1091,C71737,,random days
1092,C31297,,random days
1093,C14775,,random days
1094,C33381,,random days
1095,C61271,,random days
1096,C07121,,random days
1097,C00295,,random days
1098,C14118,,random days
1099,C85549,,random days
1100,C89129,,random days
1101,C19692,,random days
1102,C12401,,random days
1103,C37928,,random days
1104,C00696,,random days
1105,C57781,,random days
1106,C80882,,random days
1107,C91916,,random days
1108,C03261,,random days
1109,C69235,,random days
1110,C80998,,random days
1111,C38347,,random days
1112,C33872,,random days
1113,C58840,,random days
1114,C19862,,random days
1115,C22093,,random days
1116,C05385,,random days
1117,C84741,,random days
1118,C35130,,random days
1119,C88084,,random days
1120,C83119,,random days
1121,C29439,,random days
1122,C49292,,random days
1123,C05086,,random days
1124,C29374,,random days
1125,C07011,,random days
1126,C87762,,random days
1127,C39568,,random days
1128,C06883,,random days
1129,C47784,,random days
1130,C54961,,random days
1131,C42047,,random days
1132,C81835,,random days
1133,C32346,,random days
1134,C34196,,random days
1135,C71246,,random days
1136,C40222,,random days
1137,C49925,,random days
1138,C36387,,random days
1139,C05533,,random days
1140,C02938,,random days
1141,C43995,,random days
1142,C67378,,random days
1143,C30149,,random days
1144,C29024,,random days
1145,C08489,,random days
1146,C62623,,random days
1147,C28056,,random days
1148,C21929,,random days
1149,C86436,,random days
1150,C27698,,random days
1151,C23185,,random days
1152,C88480,,random days
1153,C08321,,random days
1154,C27639,,random days
1155,C59037,,random days
1156,C44350,,random days
1157,C67934,,random days
1158,C60938,,random days
1159,C84017,,random days
1160,C35263,,random days
1161,C13644,,random days
1162,C94127,,random days
1163,C00350,,random days
1164,C92350,,random days
1165,C79425,,random days
1166,C28703,,random days
1167,C54740,,random days
1168,C13038,,random days
1169,C25308,,random days
1170,C41298,,random days
1171,C45061,,random days
1172,C36059,,random days
1173,C94627,,random days
1174,C74127,,random days
1175,C87616,,random days
1176,C73612,,random days
1177,C89802,,random days
1178,C78114,,random days
1179,C18102,,random days
1180,C37898,,random days
1181,C75339,,random days
1182,C28110,,random days
1183,C56437,,random days
1184,C32412,,random days
1185,C29406,,random days
1186,C48219,,random days
1187,C73429,,random days
1188,C77742,,random days
1189,C23643,,random days
1190,C88717,,random days
1191,C31897,,random days
1192,C36346,,random days
1193,C49741,,random days
1194,C49954,,random days
1195,C17009,,random days
1196,C64602,,random days
1197,C01351,,random days
1198,C85756,,random days
1199,C18198,,random days
1200,C65900,,random days
1201,C62100,,random days
1202,C45472,,random days
1203,C25375,,random days
1204,C18332,,random days
1205,C46274,,random days
1206,C00774,,random days
1207,C91092,,random days
1208,C16186,,random days
1209,C86694,,random days
1210,C73185,,random days
1211,C12608,,random days
1212,C08580,,random days
1213,C13159,,random days
1214,C57848,,random days
1215,C51923,,random days
1216,C39300,,random days
1217,C88134,,random days
1218,C32780,,random days
1219,C02164,,random days
1220,C68395,,random days
1221,C49219,,random days
1222,C25741,,random days
1223,C62842,,random days
1224,C30416,,random days
1225,C71478,,random days
1226,C61188,,random days
1227,C43209,,random days
1228,C13274,,random days
1229,C58135,,random days
1230,C32210,,random days
1231,C42577,,random days
1232,C55134,,random days
1233,C60895,,random days
1234,C78166,,random days
1235,C25942,,random days
1236,C76922,,random days
1237,C13953,,random days
1238,C00521,,random days
1239,C88231,,random days
1240,C78414,,random days
1241,C95819,,random days
1242,C15624,,random days
1243,C79694,,random days
1244,C52792,,random days
1245,C45354,,random days
1246,C58034,,random days
1247,C07767,,random days
1248,C34514,,random days
1249,C38866,,random days
1250,C20463,,random days
1251,C59421,,random days
1252,C66536,,random days
1253,C81706,,random days
1254,C95469,,random days
1255,C12694,,random days
1256,C17211,,random days
1257,C86236,,random days
1258,C40553,,random days
1259,C04992,,random days
1260,C88934,,random days
1261,C92431,,random days
1262,C07663,,random days
1263,C67714,,random days
1264,C81013,,random days
1265,C41543,,random days
1266,C79968,,random days
1267,C90321,,random days
1268,C83355,,random days
1269,C59148,,random days
1270,C82683,,random days
1271,C25475,,random days
1272,C19360,,random days
1273,C60764,,random days
1274,C15235,,random days
1275,C92923,,random days
1276,C16189,,random days
1277,C48959,,random days
1278,C51431,,random days
1279,C88263,,random days
1280,C18742,,random days
1281,C24167,,random days
1282,C78921,,random days
1283,C25716,,random days
1284,C84265,,random days
1285,C91070,,random days
1286,C36138,,random days
1287,C84053,,random days
1288,C35580,,random days
1289,C55765,,random days
1290,C24756,,random days
1291,C35486,,random days
1292,C69014,,random days
1293,C36615,,random days
1294,C01067,,random days
1295,C72990,,random days
1296,C87930,,random days
1297,C45722,,random days
1298,C01281,,random days
1299,C15949,,random days
1300,C95289,,random days
1301,C60462,,random days
1302,C04794,,random days
1303,C86943,,random days
1304,C80844,,random days
1305,C92501,,random days
1306,C15578,,random days
1307,C20221,,random days
1308,C08874,,random days
1309,C46582,,random days
1310,C47511,,random days
1311,C07993,,random days
1312,C56563,,random days
1313,C96563,,random days
1314,C24451,,random days
1315,C38802,,random days
1316,C17723,,random days
1317,C95953,,random days
1318,C91817,,random days
1319,C32103,,random days
1320,C48777,,random days
1321,C12575,,random days
1322,C13919,,random days
1323,C46801,,random days
1324,C95240,,random days
1325,C78194,,random days
1326,C61695,,random days
1327,C49845,,random days
1328,C75086,,random days
1329,C74862,,random days
1330,C45721,,random days
1331,C45884,,random days
1332,C89631,,random days
1333,C63548,,random days
1334,C81487,,random days
1335,C25403,,random days
1336,C68145,,random days
1337,C65170,,random days
1338,C08919,,random days
1339,C73791,,random days
1340,C43276,,random days
1341,C70476,,random days
1342,C72062,,random days
1343,C03972,,random days
1344,C14660,,random days
1345,C71954,,random days
1346,C54684,,random days
1347,C42695,,random days
1348,C06769,,random days
1349,C79012,,random days
1350,C90765,,random days
1351,C30284,,random days
1352,C93515,,random days
1353,C85962,,random days
1354,C90522,,random days
1355,C70904,,random days
1356,C39065,,random days
1357,C37134,,random days
1358,C53703,,random days
1359,C32271,,random days
1360,C90777,,random days
1361,C93066,,random days
1362,C05171,,random days
1363,C76189,,random days
1364,C38946,,random days
1365,C09697,,random days
1366,C64115,,random days
1367,C29011,,random days
1368,C26817,,random days
1369,C36057,,random days
1370,C55950,,random days
1371,C00491,,random days
1372,C78892,,random days
1373,C18256,,random days
1374,C33527,,random days
1375,C68193,,random days
1376,C73090,,random days
1377,C47111,,random days
1378,C78487,,random days
1379,C47576,,random days
1380,C01353,,random days
1381,C88786,,random days
1382,C13219,,random days
1383,C90841,,random days
1384,C14882,,random days
1385,C54213,,random days
1386,C47603,,random days
1387,C84195,,random days
1388,C23223,,random days
1389,C86224,,random days
1390,C91185,,random days
1391,C69787,,random days
1392,C14540,,random days
1393,C29272,,random days
1394,C85603,,random days
1395,C83982,,random days
1396,C29514,,random days
1397,C60684,,random days
1398,C69613,,random days
1399,C44001,,random days
1400,C55483,,random days
1401,C95208,,random days
1402,C35658,,random days
1403,C68088,,random days
1404,C37774,,random days
1405,C02707,,random days
1406,C75636,,random days
1407,C66896,,random days
1408,C70798,,random days
1409,C47212,,random days
1410,C36476,,random days
1411,C19356,,random days
1412,C45519,,random days
1413,C43826,,random days
1414,C76744,,random days
1415,C95753,,random days
1416,C08300,,random days
1417,C49575,,random days
1418,C05344,,random days
1419,C05430,,random days
1420,C42425,,random days
1421,C69545,,random days
1422,C82590,,random days
1423,C01168,,random days
1424,C52371,,random days
1425,C84797,,random days
1426,C83407,,random days
1427,C56396,,random days
1428,C71872,,random days
1429,C01924,,random days
1430,C68968,,random days
1431,C06377,,random days
1432,C28858,,random days
1433,C80833,,random days
1434,C26065,,random days
1435,C60429,,random days
1436,C92235,,random days
1437,C12778,,random days
1438,C83179,,random days
1439,C59612,,random days
1440,C48363,,random days
1441,C22931,,random days
1442,C40409,,random days
1443,C49356,,random days
1444,C07800,,random days
1445,C67644,,random days
1446,C40223,,random days
1447,C95984,,random days
1448,C89155,,random days
1449,C01414,,random days
1450,C36760,,random days
1451,C23298,,random days
1452,C89085,,random days
1453,C22020,,random days
1454,C09245,,random days
1455,C87255,,random days
1456,C12405,,random days
1457,C43294,,random days
1458,C47935,,random days
1459,C63566,,random days
1460,C67917,,random days
1461,C04752,,random days
1462,C57324,,random days
1463,C83123,,random days
1464,C11742,,random days
1465,C28792,,random days
1466,C12400,,random days
1467,C26773,,random days
1468,C16877,,random days
1469,C40602,,random days
1470,C83655,,random days
1471,C41178,,random days
1472,C25151,,random days
1473,C21578,,random days
1474,C79635,,random days
1475,C24220,,random days
1476,C69693,,random days
1477,C57063,,random days
1478,C23638,,random days
1479,C20671,,random days
1480,C36892,,random days
1481,C73170,,random days
1482,C23264,,random days
1483,C33917,,random days
1484,C24084,,random days
1485,C58933,,random days
1486,C70005,,random days
1487,C85581,,random days
1488,C50961,,random days
1489,C54154,,random days
1490,C56801,,random days
1491,C21701,,random days
1492,C57963,,random days
1493,C42901,,random days
1494,C65652,,random days
1495,C50114,,random days
1496,C14568,,random days
1497,C63005,,random days
1498,C47140,,random days
1499,C76372,,random days
1500,C47835,,random days
1501,C40436,,random days
1502,C72474,,random days
1503,C50219,,random days
1504,C38528,,random days
1505,C70454,,random days
1506,C48797,,random days
1507,C01579,,random days
1508,C47595,,random days
1509,C25017,,random days
1510,C84509,,random days
1511,C44778,,random days
1512,C79063,,random days
1513,C94449,,random days
1514,C44734,,random days
1515,C11460,,random days
1516,C33251,,random days
1517,C20052,,random days
1518,C31578,,random days
1519,C72456,,random days
1520,C85920,,random days
1521,C77895,,random days
1522,C31265,,random days
1523,C57198,,random days
1524,C83283,,random days
1525,C49542,,random days
1526,C91081,,random days
1527,C93440,,random days
1528,C01320,,random days
1529,C90433,,random days
1530,C89515,,random days
1531,C22797,,random days
1532,C42483,,random days
1533,C39473,,random days
1534,C26116,,random days
1535,C68848,,random days
1536,C47200,,random days
1537,C20479,,random days
1538,C30971,,random days
1539,C91304,,random days
1540,C64364,,random days
1541,C68904,,random days
1542,C81260,,random days
1543,C42792,,random days
1544,C61572,,random days
1545,C05538,,random days
1546,C58333,,random days
1547,C37222,,random days
1548,C03784,,random days
1549,C25450,,random days
1550,C38224,,random days
1551,C25109,,random days
1552,C96506,,random days
1553,C38164,,random days
1554,C89073,,random days
1555,C39802,,random days
1556,C55412,,random days
1557,C19091,,random days
1558,C59300,,random days
1559,C23323,,random days
1560,C71980,,random days
1561,C19830,,random days
1562,C58549,,random days
1563,C26827,,random days
1564,C48830,,random days
1565,C66158,,random days
1566,C00509,,random days
1567,C48370,,random days
1568,C17968,,random days
1569,C28431,,random days
1570,C94311,,random days
1571,C15688,,random days
1572,C39451,,random days
1573,C61077,,random days
1574,C87185,,random days
1575,C49475,,random days
1576,C33246,,random days
1577,C27654,,random days
1578,C63477,,random days
1579,C22105,,random days
1580,C49681,,random days
1581,C10339,,random days
1582,C58033,,random days
1583,C67847,,random days
1584,C09448,,random days
1585,C72359,,random days
1586,C53870,,random days
1587,C62882,,random days
1588,C65740,,random days
1589,C80436,,random days
1590,C50379,,random days
1591,C32086,,random days
1592,C91341,,random days
1593,C44320,,random days
1594,C21914,,random days
1595,C64999,,random days
1596,C45113,,random days
1597,C88177,,random days
1598,C66941,,random days
1599,C33793,,random days
1600,C00182,,random days
1601,C18797,,random days
1602,C46073,,random days
1603,C67832,,random days
1604,C70990,,random days
1605,C53202,,random days
1606,C83835,,random days
1607,C73133,,random days
1608,C27336,,random days
1609,C93284,,random days
1610,C23780,,random days
1611,C38877,,random days
1612,C80437,,random days
1613,C31089,,random days
1614,C83266,,random days
1615,C02702,,random days
1616,C54548,,random days
1617,C45336,,random days
1618,C17591,,random days
1619,C40984,,random days
1620,C31739,,random days
1621,C16867,,random days
1622,C64380,,random days
1623,C51267,,random days
1624,C21413,,random days
1625,C04835,,random days
1626,C08706,,random days
1627,C80738,,random days
1628,C02686,,random days
1629,C59275,,random days
1630,C61570,,random days
1631,C41617,,random days
1632,C66730,,random days
1633,C04100,,random days
1634,C73014,,random days
1635,C89591,,random days
1636,C77882,,random days
1637,C77817,,random days
1638,C65659,,random days
1639,C90779,,random days
1640,C67005,,random days
1641,C13029,,random days
1642,C56518,,random days
1643,C09678,,random days
1644,C92512,,random days
1645,C73337,,random days
1646,C06219,,random days
1647,C95697,,random days
1648,C16711,,random days
1649,C11234,,random days
1650,C33563,,random days
1651,C87968,,random days
1652,C72434,,random days
1653,C02020,,random days
1654,C09233,,random days
1655,C00032,,random days
1656,C29816,,random days
1657,C69378,,random days
1658,C60278,,random days
1659,C15720,,random days
1660,C54259,,random days
1661,C60783,,random days
1662,C17971,,random days
1663,C56033,,random days
1664,C91314,,random days
1665,C67785,,random days
1666,C73580,,random days
1667,C81828,,random days
1668,C08035,,random days
1669,C45698,,random days
1670,C38382,,random days
1671,C62887,,random days
1672,C40161,,random days
1673,C54156,,random days
1674,C06869,,random days
1675,C15458,,random days
1676,C06232,,random days
1677,C84258,,random days
1678,C13238,,random days
1679,C12447,,random days
1680,C81284,,random days
1681,C19478,,random days
1682,C26142,,random days
1683,C15730,,random days
1684,C34812,,random days
1685,C18467,,random days
1686,C33831,,random days
1687,C72226,,random days
1688,C26221,,random days
1689,C00620,,random days
1690,C31534,,random days
1691,C09001,,random days
1692,C39179,,random days
1693,C45694,,random days
1694,C80868,,random days
1695,C14520,,random days
1696,C12476,,random days
1697,C11717,,random days
1698,C69606,,random days
1699,C82931,,random days
1700,C00912,,random days
1701,C36264,,random days
1702,C42017,,random days
1703,C67372,,random days
1704,C27517,,random days
1705,C80236,,random days
1706,C92651,,random days
1707,C63878,,random days
1708,C02091,,random days
1709,C49405,,random days
1710,C03872,,random days
1711,C07360,,random days
1712,C22517,,random days
1713,C75258,,random days
1714,C19063,,random days
1715,C38040,,random days
1716,C65047,,random days
1717,C87363,,random days
1718,C28862,,random days
1719,C83287,,random days
1720,C21672,,random days
1721,C91430,,random days
1722,C82873,,random days
1723,C25144,,random days
1724,C32102,,random days
1725,C79166,,random days
1726,C20698,,random days
1727,C52328,,random days
1728,C40471,,random days
1729,C55498,,random days
1730,C17124,,random days
1731,C13697,,random days
1732,C73965,,random days
1733,C29051,,random days
1734,C67667,,random days
1735,C64610,,random days
1736,C09376,,random days
1737,C10083,,random days
1738,C06843,,random days
1739,C16637,,random days
1740,C28426,,random days
1741,C92572,,random days
1742,C11852,,random days
1743,C04967,,random days
1744,C03486,,random days
1745,C07176,,random days
1746,C67394,,random days
1747,C00743,,random days
1748,C52416,,random days
1749,C15497,,random days
1750,C95462,,random days
1751,C43779,,random days
1752,C19125,,random days
1753,C73625,,random days
1754,C30841,,random days
1755,C36598,,random days
1756,C03963,,random days
1757,C18209,,random days
1758,C81746,,random days
1759,C89427,,random days
1760,C66850,,random days
1761,C04119,,random days
1762,C45578,,random days
1763,C13598,,random days
1764,C19602,,random days
1765,C04659,,random days
1766,C88384,,random days
1767,C04342,,random days
1768,C66406,,random days
1769,C25378,,random days
1770,C13464,,random days
1771,C06682,,random days
1772,C73440,,random days
1773,C68861,,random days
1774,C10413,,random days
1775,C02182,,random days
1776,C25768,,random days
1777,C66511,,random days
1778,C27833,,random days
1779,C41408,,random days
1780,C04658,,random days
1781,C06933,,random days
1782,C21822,,random days
1783,C02997,,random days
1784,C25295,,random days
1785,C21919,,random days
1786,C08565,,random days
1787,C05653,,random days
1788,C78151,,random days
1789,C96843,,random days
1790,C49946,,random days
1791,C79373,,random days
1792,C18443,,random days
1793,C03779,,random days
1794,C27695,,random days
1795,C29310,,random days
1796,C75635,,random days
1797,C86698,,random days
1798,C02863,,random days
1799,C92969,,random days
1800,C40198,,random days
1801,C83647,,random days
1802,C15013,,random days
1803,C57900,,random days
1804,C87225,,random days
1805,C90212,,random days
1806,C14503,,random days
1807,C17229,,random days
1808,C06480,,random days
1809,C72665,,random days
1810,C25156,,random days
1811,C92574,,random days
1812,C49720,,random days
1813,C47347,,random days
1814,C57401,,random days
1815,C88049,,random days
1816,C96237,,random days
1817,C41283,,random days
1818,C15133,,random days
1819,C54894,,random days
1820,C76163,,random days
1821,C29953,,random days
1822,C70281,,random days
1823,C09513,,random days
1824,C93259,,random days
1825,C44090,,random days
1826,C67125,,random days
1827,C53219,,random days
1828,C79352,,random days
1829,C09346,,random days
1830,C92407,,random days
1831,C85672,,random days
1832,C58268,,random days
1833,C32614,,random days
1834,C47598,,random days
1835,C08892,,random days
1836,C24002,,random days
1837,C03322,,random days
1838,C54583,,random days
1839,C38553,,random days
1840,C86121,,random days
1841,C12481,,random days
1842,C18023,,random days
1843,C95042,,random days
1844,C34195,,random days
1845,C47516,,random days
1846,C46256,,random days
1847,C33580,,random days
1848,C76122,,random days
1849,C69848,,random days
1850,C75911,,random days
1851,C25743,,random days
1852,C13750,,random days
1853,C74749,,random days
1854,C25889,,random days
1855,C33445,,random days
1856,C80748,,random days
1857,C68154,,random days
1858,C83322,,random days
1859,C28151,,random days
1860,C80099,,random days
1861,C46897,,random days
1862,C16676,,random days
1863,C36167,,random days
1864,C37282,,random days
1865,C53111,,random days
1866,C60147,,random days
1867,C59041,,random days
1868,C79266,,random days
1869,C62710,,random days
1870,C26543,,random days
1871,C85139,,random days
1872,C91138,,random days
1873,C87263,,random days
1874,C11040,,random days
1875,C45412,,random days
1876,C32033,,random days
1877,C41641,,random days
1878,C91953,,random days
1879,C10836,,random days
1880,C53061,,random days
1881,C73679,,random days
1882,C34941,,random days
1883,C27912,,random days
1884,C31921,,random days
1885,C93892,,random days
1886,C74009,,random days
1887,C20823,,random days
1888,C20639,,random days
1889,C72893,,random days
1890,C89894,,random days
1891,C96034,,random days
1892,C84561,,random days
1893,C85426,,random days
1894,C30486,,random days
1895,C12172,,random days
1896,C59608,,random days
1897,C85217,,random days
1898,C15267,,random days
1899,C58458,,random days
1900,C55397,,random days
1901,C80478,,random days
1902,C42814,,random days
1903,C67911,,random days
1904,C52572,,random days
1905,C84928,,random days
1906,C82109,,random days
1907,C67520,,random days
1908,C08173,,random days
1909,C94932,,random days
1910,C88005,,random days
1911,C34795,,random days
1912,C09655,,random days
1913,C50395,,random days
1914,C32548,,random days
1915,C23481,,random days
1916,C74214,,random days
1917,C48167,,random days
1918,C78863,,random days
1919,C86420,,random days
1920,C06155,,random days
1921,C03066,,random days
1922,C60891,,random days
1923,C64228,,random days
1924,C19627,,random days
1925,C01959,,random days
1926,C27427,,random days
1927,C69100,,random days
1928,C44604,,random days
1929,C03245,,random days
1930,C38041,,random days
1931,C00742,,random days
1932,C94164,,random days
1933,C75706,,random days
1934,C14707,,random days
1935,C04802,,random days
1936,C52169,,random days
1937,C34759,,random days
1938,C66778,,random days
1939,C82854,,random days
1940,C67359,,random days
1941,C83091,,random days
1942,C39870,,random days
1943,C70265,,random days
1944,C39463,,random days
1945,C89651,,random days
1946,C48496,,random days
1947,C23655,,random days
1948,C70185,,random days
1949,C41676,,random days
1950,C84999,,random days
1951,C88766,,random days
1952,C87808,,random days
1953,C40310,,random days
1954,C07854,,random days
1955,C44403,,random days
1956,C54214,,random days
1957,C57269,,random days
1958,C75098,,random days
1959,C17207,,random days
1960,C59626,,random days
1961,C16535,,random days
1962,C57647,,random days
1963,C60157,,random days
1964,C85540,,random days
1965,C09181,,random days
1966,C04238,,random days
1967,C96915,,random days
1968,C55768,,random days
1969,C80774,,random days
1970,C41176,,random days
1971,C73380,,random days
1972,C78094,,random days
1973,C83764,,random days
1974,C61557,,random days
1975,C69854,,random days
1976,C69394,,random days
1977,C72070,,random days
1978,C00275,,random days
1979,C72424,,random days
1980,C28707,,random days
1981,C20779,,random days
1982,C45294,,random days
1983,C35224,,random days
1984,C88698,,random days
1985,C32518,,random days
1986,C87965,,random days
1987,C61877,,random days
1988,C39465,,random days
1989,C49204,,random days
1990,C07007,,random days
1991,C89713,,random days
1992,C67993,,random days
1993,C68130,,random days
1994,C44944,,random days
1995,C87498,,random days
1996,C20356,,random days
1997,C43140,,random days
1998,C56074,,random days
1999,C75350,,random days
2000,C22617,,random days
2001,C56116,,random days
2002,C03009,,random days
2003,C15585,,random days
2004,C87547,,random days
2005,C07685,,random days
2006,C23155,,random days
2007,C53499,,random days
2008,C14361,,random days
2009,C35409,,random days
2010,C53337,,random days
2011,C56662,,random days
2012,C28830,,random days
2013,C60572,,random days
2014,C82159,,random days
2015,C55921,,random days
2016,C11555,,random days
2017,C60212,,random days
2018,C38312,,random days
2019,C49158,,random days
2020,C17694,,random days
2021,C13842,,random days
2022,C12772,,random days
2023,C43665,,random days
2024,C08316,,random days
2025,C61540,,random days
2026,C69106,,random days
2027,C41189,,random days
2028,C02348,,random days
2029,C96309,,random days
2030,C21518,,random days
2031,C92790,,random days
2032,C54917,,random days
2033,C89735,,random days
2034,C62087,,random days
2035,C29061,,random days
2036,C84027,,random days
2037,C80908,,random days
2038,C59739,,random days
2039,C47263,,random days
2040,C57656,,random days
2041,C66404,,random days
2042,C78707,,random days
2043,C81185,,random days
2044,C31777,,random days
2045,C77206,,random days
2046,C18698,,random days
2047,C83614,,random days
2048,C43017,,random days
2049,C72741,,random days
2050,C50589,,random days
2051,C42721,,random days
2052,C81445,,random days
2053,C52616,,random days
2054,C52126,,random days
2055,C70428,,random days
2056,C30471,,random days
2057,C85196,,random days
2058,C69416,,random days
2059,C11149,,random days
2060,C66022,,random days
2061,C15395,,random days
2062,C71425,,random days
2063,C15718,,random days
2064,C43745,,random days
2065,C84533,,random days
2066,C66115,,random days
2067,C29591,,random days
2068,C19419,,random days
2069,C16153,,random days
2070,C10725,,random days
2071,C15364,,random days
2072,C08188,,random days
2073,C77146,,random days
2074,C00283,,random days
2075,C07534,,random days
2076,C16709,,random days
2077,C25850,,random days
2078,C86736,,random days
2079,C36933,,random days
2080,C78243,,random days
2081,C93575,,random days
2082,C95622,,random days
2083,C60868,,random days
2084,C17637,,random days
2085,C23127,,random days
2086,C07537,,random days
2087,C89723,,random days
2088,C58874,,random days
2089,C58116,,random days
2090,C32270,,random days
2091,C60929,,random days
2092,C03103,,random days
2093,C18514,,random days
2094,C70504,,random days
2095,C41349,,random days
2096,C96099,,random days
2097,C42423,,random days
2098,C40856,,random days
2099,C74758,,random days
2100,C15269,,random days
2101,C23921,,random days
2102,C80539,,random days
2103,C39130,,random days
2104,C22811,,random days
2105,C55592,,random days
2106,C51826,,random days
2107,C83550,,random days
2108,C55340,,random days
2109,C01818,,random days
2110,C81080,,random days
2111,C42623,,random days
2112,C21335,,random days
2113,C94893,,random days
2114,C38885,,random days
2115,C53168,,random days
2116,C93120,,random days
2117,C22723,,random days
2118,C22176,,random days
2119,C96806,,random days
2120,C52858,,random days
2121,C93764,,random days
2122,C46850,,random days
2123,C49574,,random days
2124,C23489,,random days
2125,C58472,,random days
2126,C84347,,random days
2127,C53190,,random days
2128,C27741,,random days
2129,C90991,,random days
2130,C36307,,random days
2131,C03547,,random days
2132,C40857,,random days
2133,C56025,,random days
2134,C56327,,random days
2135,C81642,,random days
2136,C71601,,random days
2137,C65116,,random days
2138,C85536,,random days
2139,C72179,,random days
2140,C85047,,random days
2141,C10653,,random days
2142,C47363,,random days
2143,C92349,,random days
2144,C51474,,random days
2145,C72466,,random days
2146,C25790,,random days
2147,C20285,,random days
2148,C72069,,random days
2149,C31709,,random days
2150,C70086,,random days
2151,C32752,,random days
2152,C03450,,random days
2153,C92717,,random days
2154,C49054,,random days
2155,C45797,,random days
2156,C83097,,random days
2157,C01957,,random days
2158,C68760,,random days
2159,C66089,,random days
2160,C37724,,random days
2161,C77116,,random days
2162,C24091,,random days
2163,C44028,,random days
2164,C45261,,random days
2165,C29203,,random days
2166,C72121,,random days
2167,C56016,,random days
2168,C32307,,random days
2169,C83130,,random days
2170,C62263,,random days
2171,C49636,,random days
2172,C76579,,random days
2173,C09729,,random days
2174,C49277,,random days
2175,C01283,,random days
2176,C64160,,random days
2177,C38460,,random days
2178,C70623,,random days
2179,C19737,,random days
2180,C15837,,random days
2181,C23879,,random days
2182,C58875,,random days
2183,C25424,,random days
2184,C24943,,random days
2185,C60306,,random days
2186,C21512,,random days
2187,C49345,,random days
2188,C68809,,random days
2189,C06473,,random days
2190,C96185,,random days
2191,C38069,,random days
2192,C55848,,random days
2193,C87747,,random days
2194,C79643,,random days
2195,C92913,,random days
2196,C30424,,random days
2197,C78055,,random days
2198,C61095,,random days
2199,C11673,,random days
2200,C87933,,random days
2201,C83799,,random days
2202,C33895,,random days
2203,C60631,,random days
2204,C29998,,random days
2205,C22793,,random days
2206,C92777,,random days
2207,C21464,,random days
2208,C91981,,random days
2209,C17753,,random days
2210,C76089,,random days
2211,C09433,,random days
2212,C48013,,random days
2213,C94179,,random days
2214,C47129,,random days
2215,C64151,,random days
2216,C29760,,random days
2217,C86953,,random days
2218,C67236,,random days
2219,C75652,,random days
2220,C55416,,random days
2221,C69593,,random days
2222,C49587,,random days
2223,C61121,,random days
2224,C49982,,random days
2225,C75686,,random days
2226,C26703,,random days
2227,C22640,,random days
2228,C80616,,random days
2229,C69421,,random days
2230,C18132,,random days
2231,C92120,,random days
2232,C54708,,random days
2233,C20627,,random days
2234,C74949,,random days
2235,C02275,,random days
2236,C43408,,random days
2237,C93769,,random days
2238,C15802,,random days
2239,C58687,,random days
2240,C62214,,random days
2241,C76339,,random days
2242,C40327,,random days
2243,C88982,,random days
2244,C64915,,random days
2245,C86414,,random days
2246,C91403,,random days
2247,C20161,,random days
2248,C13857,,random days
2249,C90978,,random days
2250,C91582,,random days
2251,C05826,,random days
2252,C04359,,random days
2253,C80316,,random days
2254,C10223,,random days
2255,C05492,,random days
2256,C60482,,random days
2257,C84119,,random days
2258,C77141,,random days
2259,C96756,,random days
2260,C21682,,random days
2261,C71990,,random days
2262,C25525,,random days
2263,C01059,,random days
2264,C09920,,random days
2265,C58561,,random days
2266,C14075,,random days
2267,C15574,,random days
2268,C65913,,random days
2269,C92009,,random days
2270,C74967,,random days
2271,C14743,,random days
2272,C94422,,random days
2273,C82285,,random days
2274,C07642,,random days
2275,C24774,,random days
2276,C44818,,random days
2277,C40978,,random days
2278,C29683,,random days
2279,C41521,,random days
2280,C31468,,random days
2281,C33736,,random days
2282,C19929,,random days
2283,C12871,,random days
2284,C46970,,random days
2285,C86158,,random days
2286,C37620,,random days
2287,C90101,,random days
2288,C22953,,random days
2289,C15786,,random days
2290,C86771,,random days
2291,C41755,,random days
2292,C28128,,random days
2293,C87433,,random days
2294,C20029,,random days
2295,C15029,,random days
2296,C54507,,random days
2297,C44402,,random days
2298,C66445,,random days
2299,C70973,,random days
2300,C88775,,random days
2301,C10266,,random days
2302,C29030,,random days
2303,C84361,,random days
2304,C70573,,random days
2305,C43306,,random days
2306,C22079,,random days
2307,C63586,,random days
2308,C11183,,random days
2309,C43393,,random days
2310,C26838,,random days
2311,C43773,,random days
2312,C33867,,random days
2313,C66832,,random days
2314,C34415,,random days
2315,C15818,,random days
2316,C43300,,random days
2317,C60692,,random days
2318,C63968,,random days
2319,C55740,,random days
2320,C38843,,random days
2321,C26535,,random days
2322,C96098,,random days
2323,C65131,,random days
2324,C18540,,random days
2325,C19153,,random days
2326,C02890,,random days
2327,C26443,,random days
2328,C85637,,random days
2329,C70202,,random days
2330,C08880,,random days
2331,C50089,,random days
2332,C79928,,random days
2333,C00496,,random days
2334,C89545,,random days
2335,C63413,,random days
2336,C72578,,random days
2337,C53505,,random days
2338,C74164,,random days
2339,C51027,,random days
2340,C27751,,random days
2341,C02430,,random days
2342,C80822,,random days
2343,C40833,,random days
2344,C91975,,random days
2345,C52854,,random days
2346,C77821,,random days
2347,C06693,,random days
2348,C09898,,random days
2349,C39334,,random days
2350,C64458,,random days
2351,C22753,,random days
2352,C71581,,random days
2353,C60673,,random days
2354,C35734,,random days
2355,C89536,,random days
2356,C72781,,random days
2357,C69320,,random days
2358,C59075,,random days
2359,C88846,,random days
2360,C75517,,random days
2361,C37909,,random days
2362,C58858,,random days
2363,C47280,,random days
2364,C82977,,random days
2365,C48169,,random days
2366,C23659,,random days
2367,C48568,,random days
2368,C86053,,random days
2369,C86103,,random days
2370,C92896,,random days
2371,C18601,,random days
2372,C36460,,random days
2373,C93466,,random days
2374,C08572,,random days
2375,C73929,,random days
2376,C73276,,random days
2377,C77227,,random days
2378,C58782,,random days
2379,C43000,,random days
2380,C34366,,random days
2381,C71605,,random days
2382,C96092,,random days
2383,C26567,,random days
2384,C42955,,random days
2385,C19772,,random days
2386,C08754,,random days
2387,C15796,,random days
2388,C73076,,random days
2389,C60126,,random days
2390,C49046,,random days
2391,C57695,,random days
2392,C29365,,random days
2393,C54512,,random days
2394,C31939,,random days
2395,C39859,,random days
2396,C31397,,random days
2397,C57035,,random days
2398,C81131,,random days
2399,C81384,,random days
2400,C52016,,random days
2401,C25804,,random days
2402,C23391,,random days
2403,C75793,,random days
2404,C28356,,random days
2405,C12284,,random days
2406,C11862,,random days
2407,C84844,,random days
2408,C30163,,random days
2409,C44950,,random days
2410,C25645,,random days
2411,C17367,,random days
2412,C17181,,random days
2413,C17926,,random days
2414,C66590,,random days
2415,C11140,,random days
2416,C16067,,random days
2417,C58488,,random days
2418,C36206,,random days
2419,C44176,,random days
2420,C60794,,random days
2421,C38192,,random days
2422,C92304,,random days
2423,C74111,,random days
2424,C54937,,random days
2425,C37315,,random days
2426,C43534,,random days
2427,C05985,,random days
2428,C76332,,random days
2429,C15610,,random days
2430,C37159,,random days
2431,C17741,,random days
2432,C83497,,random days
2433,C44735,,random days
2434,C48000,,random days
2435,C79589,,random days
2436,C86304,,random days
2437,C48356,,random days
2438,C50923,,random days
2439,C59897,,random days
2440,C75607,,random days
2441,C72492,,random days
2442,C09600,,random days
2443,C03077,,random days
2444,C70285,,random days
2445,C68356,,random days
2446,C68832,,random days
2447,C94767,,random days
2448,C43500,,random days
2449,C29484,,random days
2450,C90066,,random days
2451,C53241,,random days
2452,C89283,,random days
2453,C03202,,random days
2454,C63139,,random days
2455,C60293,,random days
2456,C12845,,random days
2457,C96836,,random days
2458,C13075,,random days
2459,C23590,,random days
2460,C71114,,random days
2461,C57820,,random days
2462,C93510,,random days
2463,C40007,,random days
2464,C71184,,random days
2465,C41566,,random days
2466,C55563,,random days
2467,C86102,,random days
2468,C33994,,random days
2469,C02491,,random days
2470,C19321,,random days
2471,C40827,,random days
2472,C48326,,random days
2473,C27394,,random days
2474,C49215,,random days
2475,C30532,,random days
2476,C95854,,random days
2477,C04520,,random days
2478,C37886,,random days
2479,C42244,,random days
2480,C11698,,random days
2481,C54854,,random days
2482,C74391,,random days
2483,C10462,,random days
2484,C79982,,random days
2485,C95915,,random days
2486,C59746,,random days
2487,C76202,,random days
2488,C18324,,random days
2489,C89686,,random days
2490,C31748,,random days
2491,C53497,,random days
2492,C61306,,random days
2493,C55546,,random days
2494,C42083,,random days
2495,C45370,,random days
2496,C33762,,random days
2497,C03384,,random days
2498,C39333,,random days
2499,C22014,,random days
2500,C29401,,random days
2501,C82974,,random days
2502,C01533,,random days
2503,C06352,,random days
2504,C27196,,random days
2505,C38326,,random days
2506,C77955,,random days
2507,C46702,,random days
2508,C86944,,random days
2509,C46496,,random days
2510,C69513,,random days
2511,C91057,,random days
2512,C92831,,random days
2513,C13381,,random days
2514,C92551,,random days
2515,C30638,,random days
2516,C47967,,random days
2517,C90388,,random days
2518,C68022,,random days
2519,C93432,,random days
2520,C94974,,random days
2521,C34578,,random days
2522,C37514,,random days
2523,C16157,,random days
2524,C85649,,random days
2525,C14953,,random days
2526,C84089,,random days
2527,C85180,,random days
2528,C67234,,random days
2529,C71572,,random days
2530,C48872,,random days
2531,C43880,,random days
2532,C35142,,random days
2533,C41966,,random days
2534,C06135,,random days
2535,C84396,,random days
2536,C74181,,random days
2537,C35234,,random days
2538,C65636,,random days
2539,C38141,,random days
2540,C60457,,random days
2541,C22272,,random days
2542,C25060,,random days
2543,C85511,,random days
2544,C26417,,random days
2545,C01457,,random days
2546,C80606,,random days
2547,C41921,,random days
2548,C58559,,random days
2549,C83882,,random days
2550,C01199,,random days
2551,C07170,,random days
2552,C28508,,random days
2553,C91642,,random days
2554,C48031,,random days
2555,C43045,,random days
2556,C39158,,random days
2557,C46027,,random days
2558,C75581,,random days
2559,C34252,,random days
2560,C54773,,random days
2561,C35281,,random days
2562,C70634,,random days
2563,C26539,,random days
2564,C08166,,random days
2565,C86396,,random days
2566,C40823,,random days
2567,C67369,,random days
2568,C26207,,random days
